{
  "accuracy": 0.901875,
  "macro_f1": 0.9020889512285091,
  "report": {
    "happy": {
      "precision": 0.9140350877192982,
      "recall": 0.8683333333333333,
      "f1-score": 0.8905982905982905,
      "support": 600.0
    },
    "sad": {
      "precision": 0.9032815198618307,
      "recall": 0.8716666666666667,
      "f1-score": 0.8871925360474979,
      "support": 600.0
    },
    "lonely": {
      "precision": 0.9949832775919732,
      "recall": 0.9916666666666667,
      "f1-score": 0.993322203672788,
      "support": 600.0
    },
    "romantic": {
      "precision": 0.8892508143322475,
      "recall": 0.91,
      "f1-score": 0.899505766062603,
      "support": 600.0
    },
    "excited": {
      "precision": 0.9358752166377816,
      "recall": 0.9,
      "f1-score": 0.9175870858113849,
      "support": 600.0
    },
    "relaxed": {
      "precision": 0.978441127694859,
      "recall": 0.9833333333333333,
      "f1-score": 0.9808811305070657,
      "support": 600.0
    },
    "stressed": {
      "precision": 0.748792270531401,
      "recall": 0.775,
      "f1-score": 0.7616707616707616,
      "support": 600.0
    },
    "dark": {
      "precision": 0.8703703703703703,
      "recall": 0.8616666666666667,
      "f1-score": 0.8659966499162479,
      "support": 600.0
    },
    "emotional": {
      "precision": 0.9470198675496688,
      "recall": 0.9533333333333334,
      "f1-score": 0.9501661129568106,
      "support": 600.0
    },
    "mind-bending": {
      "precision": 0.9048442906574394,
      "recall": 0.8716666666666667,
      "f1-score": 0.8879456706281834,
      "support": 600.0
    },
    "curious": {
      "precision": 0.7605633802816901,
      "recall": 0.81,
      "f1-score": 0.784503631961259,
      "support": 600.0
    },
    "nostalgic": {
      "precision": 0.9966555183946488,
      "recall": 0.9933333333333333,
      "f1-score": 0.994991652754591,
      "support": 600.0
    },
    "motivated": {
      "precision": 0.8731942215088283,
      "recall": 0.9066666666666666,
      "f1-score": 0.8896156991005724,
      "support": 600.0
    },
    "adventurous": {
      "precision": 0.9917218543046358,
      "recall": 0.9983333333333333,
      "f1-score": 0.9950166112956811,
      "support": 600.0
    },
    "wholesome": {
      "precision": 0.82842287694974,
      "recall": 0.7966666666666666,
      "f1-score": 0.8122344944774851,
      "support": 600.0
    },
    "scared": {
      "precision": 0.9066022544283414,
      "recall": 0.9383333333333334,
      "f1-score": 0.9221949221949222,
      "support": 600.0
    },
    "accuracy": 0.901875,
    "macro avg": {
      "precision": 0.9027533718009222,
      "recall": 0.901875,
      "f1-score": 0.9020889512285091,
      "support": 9600.0
    },
    "weighted avg": {
      "precision": 0.9027533718009221,
      "recall": 0.901875,
      "f1-score": 0.9020889512285091,
      "support": 9600.0
    }
  }
}