{
  "accuracy": 0.9220833333333334,
  "macro_f1": 0.922415471506812,
  "report": {
    "happy": {
      "precision": 0.9038142620232172,
      "recall": 0.9083333333333333,
      "f1-score": 0.9060681629260183,
      "support": 600.0
    },
    "sad": {
      "precision": 0.9003322259136213,
      "recall": 0.9033333333333333,
      "f1-score": 0.9018302828618968,
      "support": 600.0
    },
    "lonely": {
      "precision": 0.9900332225913622,
      "recall": 0.9933333333333333,
      "f1-score": 0.9916805324459235,
      "support": 600.0
    },
    "romantic": {
      "precision": 0.9102990033222591,
      "recall": 0.9133333333333333,
      "f1-score": 0.9118136439267887,
      "support": 600.0
    },
    "excited": {
      "precision": 0.9658119658119658,
      "recall": 0.9416666666666667,
      "f1-score": 0.9535864978902954,
      "support": 600.0
    },
    "relaxed": {
      "precision": 0.988155668358714,
      "recall": 0.9733333333333334,
      "f1-score": 0.980688497061293,
      "support": 600.0
    },
    "stressed": {
      "precision": 0.79585326953748,
      "recall": 0.8316666666666667,
      "f1-score": 0.8133659331703341,
      "support": 600.0
    },
    "dark": {
      "precision": 0.8851913477537438,
      "recall": 0.8866666666666667,
      "f1-score": 0.8859283930058285,
      "support": 600.0
    },
    "emotional": {
      "precision": 0.9651162790697675,
      "recall": 0.9683333333333334,
      "f1-score": 0.9667221297836939,
      "support": 600.0
    },
    "mind-bending": {
      "precision": 0.9405594405594405,
      "recall": 0.8966666666666666,
      "f1-score": 0.9180887372013652,
      "support": 600.0
    },
    "curious": {
      "precision": 0.8226837060702875,
      "recall": 0.8583333333333333,
      "f1-score": 0.8401305057096248,
      "support": 600.0
    },
    "nostalgic": {
      "precision": 0.9950083194675541,
      "recall": 0.9966666666666667,
      "f1-score": 0.9958368026644463,
      "support": 600.0
    },
    "motivated": {
      "precision": 0.9338983050847458,
      "recall": 0.9183333333333333,
      "f1-score": 0.9260504201680673,
      "support": 600.0
    },
    "adventurous": {
      "precision": 0.9966666666666667,
      "recall": 0.9966666666666667,
      "f1-score": 0.9966666666666667,
      "support": 600.0
    },
    "wholesome": {
      "precision": 0.814262023217247,
      "recall": 0.8183333333333334,
      "f1-score": 0.8162926018287614,
      "support": 600.0
    },
    "scared": {
      "precision": 0.9595278246205734,
      "recall": 0.9483333333333334,
      "f1-score": 0.9538977367979883,
      "support": 600.0
    },
    "accuracy": 0.9220833333333334,
    "macro avg": {
      "precision": 0.9229508456292903,
      "recall": 0.9220833333333334,
      "f1-score": 0.922415471506812,
      "support": 9600.0
    },
    "weighted avg": {
      "precision": 0.9229508456292903,
      "recall": 0.9220833333333334,
      "f1-score": 0.9224154715068118,
      "support": 9600.0
    }
  }
}